{"filters": [{"fs": 44100, "channels": [[[3.044796121454141e-06, 6.089592242908282e-06, 3.044796121454141e-06, 1.0024677061618654, -1.9999878208155142, 0.9975322938381346], [3.044796121454141e-06, 6.089592242908282e-06, 3.044796121454141e-06, 1.0024677061618654, -1.9999878208155142, 0.9975322938381346], [3.044796121454141e-06, 6.089592242908282e-06, 3.044796121454141e-06, 1.0024677061618654, -1.9999878208155142, 0.9975322938381346], [3.044796121454141e-06, 6.089592242908282e-06, 3.044796121454141e-06, 1.0024677061618654, -1.9999878208155142, 0.9975322938381346]], [[0.0046752551360538415, 0, -0.0046752551360538415, 1.0046752551360538, -1.999978289147318, 0.9953247448639462], [0.0046752551360538415, 0, -0.0046752551360538415, 1.0046752551360538, -1.999978289147318, 0.9953247448639462], [0.0046752551360538415, 0, -0.0046752551360538415, 1.0046752551360538, -1.999978289147318, 0.9953247448639462], [0.0046752551360538415, 0, -0.0046752551360538415, 1.0046752551360538, -1.999978289147318, 0.9953247448639462]], [[0.018701272014292704, 0, -0.018701272014292704, 1.0187012720142927, -1.9996526357842268, 0.9812987279857073], [0.018701272014292704, 0, -0.018701272014292704, 1.0187012720142927, -1.9996526357842268, 0.9812987279857073], [0.018701272014292704, 0, -0.018701272014292704, 1.0187012720142927, -1.9996526357842268, 0.9812987279857073], [0.018701272014292704, 0, -0.018701272014292704, 1.0187012720142927, -1.9996526357842268, 0.9812987279857073]], [[0.07482120111524862, 0, -0.07482120111524862, 1.0748212011152487, -1.9944445854503017, 0.9251787988847514], [0.07482120111524862, 0, -0.07482120111524862, 1.0748212011152487, -1.9944445854503017, 0.9251787988847514], [0.07482120111524862, 0, -0.07482120111524862, 1.0748212011152487, -1.9944445854503017, 0.9251787988847514], [0.07482120111524862, 0, -0.07482120111524862, 1.0748212011152487, -1.9944445854503017, 0.9251787988847514]], [[0.30033577264328276, 0, -0.30033577264328276, 1.3003357726432827, -1.9117292491360427, 0.6996642273567173], [0.30033577264328276, 0, -0.30033577264328276, 1.3003357726432827, -1.9117292491360427, 0.6996642273567173], [0.30033577264328276, 0, -0.30033577264328276, 1.3003357726432827, -1.9117292491360427, 0.6996642273567173], [0.30033577264328276, 0, -0.30033577264328276, 1.3003357726432827, -1.9117292491360427, 0.6996642273567173]], [[1.2952044006367276, 0, -1.2952044006367276, 2.2952044006367274, -0.738060954670346, -0.2952044006367276], [1.2952044006367276, 0, -1.2952044006367276, 2.2952044006367274, -0.738060954670346, -0.2952044006367276], [1.2952044006367276, 0, -1.2952044006367276, 2.2952044006367274, -0.738060954670346, -0.2952044006367276], [1.2952044006367276, 0, -1.2952044006367276, 2.2952044006367274, -0.738060954670346, -0.2952044006367276]], [[0.39343408425079085, -0.7868681685015817, 0.39343408425079085, 1.6908599070731092, 0.42626366299683666, 0.30914009292689093], [0.39343408425079085, -0.7868681685015817, 0.39343408425079085, 1.6908599070731092, 0.42626366299683666, 0.30914009292689093], [0.39343408425079085, -0.7868681685015817, 0.39343408425079085, 1.6908599070731092, 0.42626366299683666, 0.30914009292689093], [0.39343408425079085, -0.7868681685015817, 0.39343408425079085, 1.6908599070731092, 0.42626366299683666, 0.30914009292689093]]]}, {"fs": 48000, "channels": [[[2.5701175702663726e-06, 5.140235140532745e-06, 2.5701175702663726e-06, 1.0022672057536783, -1.999989719529719, 0.9977327942463218], [2.5701175702663726e-06, 5.140235140532745e-06, 2.5701175702663726e-06, 1.0022672057536783, -1.999989719529719, 0.9977327942463218], [2.5701175702663726e-06, 5.140235140532745e-06, 2.5701175702663726e-06, 1.0022672057536783, -1.999989719529719, 0.9977327942463218], [2.5701175702663726e-06, 5.140235140532745e-06, 2.5701175702663726e-06, 1.0022672057536783, -1.999989719529719, 0.9977327942463218]], [[0.0042953900559834215, 0, -0.0042953900559834215, 1.0042953900559835, -1.9999816738301588, 0.9957046099440165], [0.0042953900559834215, 0, -0.0042953900559834215, 1.0042953900559835, -1.9999816738301588, 0.9957046099440165], [0.0042953900559834215, 0, -0.0042953900559834215, 1.0042953900559835, -1.9999816738301588, 0.9957046099440165], [0.0042953900559834215, 0, -0.0042953900559834215, 1.0042953900559835, -1.9999816738301588, 0.9957046099440165]], [[0.017181755241195938, 0, -0.017181755241195938, 1.017181755241196, -1.9997067879994612, 0.9828182447588041], [0.017181755241195938, 0, -0.017181755241195938, 1.017181755241196, -1.9997067879994612, 0.9828182447588041], [0.017181755241195938, 0, -0.017181755241195938, 1.017181755241196, -1.9997067879994612, 0.9828182447588041], [0.017181755241195938, 0, -0.017181755241195938, 1.017181755241196, -1.9997067879994612, 0.9828182447588041]], [[0.06873951448769246, 0, -0.06873951448769246, 1.0687395144876926, -1.995310327255265, 0.9312604855123076], [0.06873951448769246, 0, -0.06873951448769246, 1.0687395144876926, -1.995310327255265, 0.9312604855123076], [0.06873951448769246, 0, -0.06873951448769246, 1.0687395144876926, -1.995310327255265, 0.9312604855123076], [0.06873951448769246, 0, -0.06873951448769246, 1.0687395144876926, -1.995310327255265, 0.9312604855123076]], [[0.2757705271508886, 0, -0.2757705271508886, 1.2757705271508886, -1.925404272056064, 0.7242294728491114], [0.2757705271508886, 0, -0.2757705271508886, 1.2757705271508886, -1.925404272056064, 0.7242294728491114], [0.2757705271508886, 0, -0.2757705271508886, 1.2757705271508886, -1.925404272056064, 0.7242294728491114], [0.2757705271508886, 0, -0.2757705271508886, 1.2757705271508886, -1.925404272056064, 0.7242294728491114]], [[1.1716499437308543, 0, -1.1716499437308543, 2.1716499437308543, -0.9144690524303468, -0.1716499437308543], [1.1716499437308543, 0, -1.1716499437308543, 2.1716499437308543, -0.9144690524303468, -0.1716499437308543], [1.1716499437308543, 0, -1.1716499437308543, 2.1716499437308543, -0.9144690524303468, -0.1716499437308543], [1.1716499437308543, 0, -1.1716499437308543, 2.1716499437308543, -0.9144690524303468, -0.1716499437308543]], [[0.4651775592432188, -0.9303551184864376, 0.4651775592432188, 1.7053898179301152, 0.1392897630271247, 0.29461018206988476], [0.4651775592432188, -0.9303551184864376, 0.4651775592432188, 1.7053898179301152, 0.1392897630271247, 0.29461018206988476], [0.4651775592432188, -0.9303551184864376, 0.4651775592432188, 1.7053898179301152, 0.1392897630271247, 0.29461018206988476], [0.4651775592432188, -0.9303551184864376, 0.4651775592432188, 1.7053898179301152, 0.1392897630271247, 0.29461018206988476]]]}]}