{"filters": [{"fs": 44100, "channels": [[[1.3569301338667294e-06, 2.713860267733459e-06, 1.3569301338667294e-06, 1.0016473787012294, -1.9999945722794645, 0.9983526212987706]], [[0.003494623076890373, 0, -0.003494623076890373, 1.0034946230768904, -1.999978289147318, 0.9965053769231096], [0.003494623076890373, 0, -0.003494623076890373, 1.0034946230768904, -1.999978289147318, 0.9965053769231096], [0.003494623076890373, 0, -0.003494623076890373, 1.0034946230768904, -1.999978289147318, 0.9965053769231096], [0.003494623076890373, 0, -0.003494623076890373, 1.0034946230768904, -1.999978289147318, 0.9965053769231096]], [[0.013978610103292474, 0, -0.013978610103292474, 1.0139786101032924, -1.9996526357842268, 0.9860213898967075], [0.013978610103292474, 0, -0.013978610103292474, 1.0139786101032924, -1.9996526357842268, 0.9860213898967075], [0.013978610103292474, 0, -0.013978610103292474, 1.0139786101032924, -1.9996526357842268, 0.9860213898967075], [0.013978610103292474, 0, -0.013978610103292474, 1.0139786101032924, -1.9996526357842268, 0.9860213898967075]], [[0.05592198802517815, 0, -0.05592198802517815, 1.0559219880251782, -1.9944445854503017, 0.9440780119748219], [0.05592198802517815, 0, -0.05592198802517815, 1.0559219880251782, -1.9944445854503017, 0.9440780119748219], [0.05592198802517815, 0, -0.05592198802517815, 1.0559219880251782, -1.9944445854503017, 0.9440780119748219], [0.05592198802517815, 0, -0.05592198802517815, 1.0559219880251782, -1.9944445854503017, 0.9440780119748219]], [[0.22418002760595163, 0, -0.22418002760595163, 1.2241800276059516, -1.9117292491360427, 0.7758199723940484], [0.22418002760595163, 0, -0.22418002760595163, 1.2241800276059516, -1.9117292491360427, 0.7758199723940484], [0.22418002760595163, 0, -0.22418002760595163, 1.2241800276059516, -1.9117292491360427, 0.7758199723940484], [0.22418002760595163, 0, -0.22418002760595163, 1.2241800276059516, -1.9117292491360427, 0.7758199723940484]], [[0.9402581937922652, 0, -0.9402581937922652, 1.9402581937922652, -0.738060954670346, 0.05974180620773484], [0.9402581937922652, 0, -0.9402581937922652, 1.9402581937922652, -0.738060954670346, 0.05974180620773484], [0.9402581937922652, 0, -0.9402581937922652, 1.9402581937922652, -0.738060954670346, 0.05974180620773484], [0.9402581937922652, 0, -0.9402581937922652, 1.9402581937922652, -0.738060954670346, 0.05974180620773484]], [[0.13618349320222561, -0.27236698640445123, 0.13618349320222561, 1.4850516454594604, 1.4552660271910975, 0.5149483545405396]]]}, {"fs": 48000, "channels": [[[1.1453869269706374e-06, 2.2907738539412748e-06, 1.1453869269706374e-06, 1.001513529395206, -1.9999954184522921, 0.9984864706047939]], [[0.0032106846707109075, 0, -0.0032106846707109075, 1.003210684670711, -1.9999816738301588, 0.996789315329289], [0.0032106846707109075, 0, -0.0032106846707109075, 1.003210684670711, -1.9999816738301588, 0.996789315329289], [0.0032106846707109075, 0, -0.0032106846707109075, 1.003210684670711, -1.9999816738301588, 0.996789315329289], [0.0032106846707109075, 0, -0.0032106846707109075, 1.003210684670711, -1.9999816738301588, 0.996789315329289]], [[0.012842830034497068, 0, -0.012842830034497068, 1.0128428300344972, -1.9997067879994612, 0.987157169965503], [0.012842830034497068, 0, -0.012842830034497068, 1.0128428300344972, -1.9997067879994612, 0.987157169965503], [0.012842830034497068, 0, -0.012842830034497068, 1.0128428300344972, -1.9997067879994612, 0.987157169965503], [0.012842830034497068, 0, -0.012842830034497068, 1.0128428300344972, -1.9997067879994612, 0.987157169965503]], [[0.05137717232841441, 0, -0.05137717232841441, 1.0513771723284144, -1.995310327255265, 0.9486228276715856], [0.05137717232841441, 0, -0.05137717232841441, 1.0513771723284144, -1.995310327255265, 0.9486228276715856], [0.05137717232841441, 0, -0.05137717232841441, 1.0513771723284144, -1.995310327255265, 0.9486228276715856], [0.05137717232841441, 0, -0.05137717232841441, 1.0513771723284144, -1.995310327255265, 0.9486228276715856]], [[0.20588912478103594, 0, -0.20588912478103594, 1.205889124781036, -1.925404272056064, 0.7941108752189641], [0.20588912478103594, 0, -0.20588912478103594, 1.205889124781036, -1.925404272056064, 0.7941108752189641], [0.20588912478103594, 0, -0.20588912478103594, 1.205889124781036, -1.925404272056064, 0.7941108752189641], [0.20588912478103594, 0, -0.20588912478103594, 1.205889124781036, -1.925404272056064, 0.7941108752189641]], [[0.8554235387021214, 0, -0.8554235387021214, 1.8554235387021214, -0.9144690524303468, 0.1445764612978786], [0.8554235387021214, 0, -0.8554235387021214, 1.8554235387021214, -0.9144690524303468, 0.1445764612978786], [0.8554235387021214, 0, -0.8554235387021214, 1.8554235387021214, -0.9144690524303468, 0.1445764612978786], [0.8554235387021214, 0, -0.8554235387021214, 1.8554235387021214, -0.9144690524303468, 0.1445764612978786]], [[0.2090634119632141, -0.4181268239264282, 0.2090634119632141, 1.5750754763359565, 1.1637463521471436, 0.42492452366404365]]]}]}